<?xml version="1.0"?><!DOCTYPE pdf PUBLIC "-//big.faceless.org//report" "report-1.1.dtd">
<pdf>
<head>
<meta content="text/html; charset=utf-8" http-equiv="Content-Type" />
<title>Laird Superfood Receiving Checklist</title>
<macrolist>
      <macro id="nlheader">
            <table class="header" style="width: 100%;">
				<tr>
					<td rowspan="3">
					<img src="https://4816236.app.netsuite.com/core/media/media.nl?id=1145951&amp;c=4816236&amp;h=d66d152e9d5a3cd77262" style="position: relative; top: 0px; margin: 0px; left: 0px; width: 40%;height:40%" /></td>
					<td align="right">&nbsp;</td>
				</tr>
				<tr>
					<td align="right">
					<span class="title" style="text-align: right; font-weight: bold; font-size: 24px; line-height: 30px; width: 100%;">
					Receiving Checklist</span></td>
				</tr>
				<tr>
					<td align="right">
					<span class="number" style="text-align: right; font-size: 16px; line-height: 20px;">
					F-256-1</span></td>
				</tr>
				<tr>
					<td style="padding-bototm: 25px" valign="bottom"><span>P.O. 
					Box 2270, Sisters, OR 97759</span></td>
					<td align="right" style="font-size: 16px; content-align: bottom;" valign="bottom">
					Eff. Date: 1/15/2020</td>
				</tr>
</table>
<hr />
         </macro>
        <macro id="nlfooter">
            <hr />
<table class="footer" style="width: 100%;">
	<tr>
		<td align="center">
		<span style="line-height: 12px;  font-size: 9px;" >
		For use by affiliates of Laird Superfood. . This document contains proprietary information and may not be reproduced or disclosed without prior written approval. <strong>Documents marked “COPY” are uncontrolled. The user of this document is responsible for verifying the current issue date and revision level.</strong> Validity or currency of unmarked copies cannot be assured</span></td>
	</tr>
</table>
         </macro>
    </macrolist>
<!-- copy-paste region -->
<style type="text/css">
.bbc_lsf_rec_master {
	font-family: Arial, Helvetica, sans-serif;
	width: 100%;
	color: #000000;
	font-size: medium;
}
.bbc_lsf_rec_initiating_tx_hdr {
	padding: 6px 6px 6px 12px;
	background-color: #548DD4;
	font-weight: bold;
	width: 100%;
}
.bbc_lsf_rec_initiating_tx_body {
	padding: 6px 6px 6px 12px;
	width: 100%;
}
.bbc_lsf_rec_warehouse_shp_hdr {
	padding: 6px 6px 6px 12px;
	background-color: #943634;
	font-weight: bold;
	width: 100%;
}
.bbc_lsf_rec_warehouse_shp_body {
	padding: 6px 6px 6px 12px;
	background-color: #D99594;
	width: 100%;
}
.bbc_lsf_rec_qa_hdr {
	padding: 6px 6px 6px 12px;
	background-color: #F7CAAC;
	font-weight: bold;
	width: 100%;
}
.bbc_lsf_qa_body {
	padding: 6px 6px 6px 12px;
	background-color: #FBE4D5;
	width: 100%;
}
.bbc_lsf_rec_init_fields_table {
	width: 100%;
	margin-top: 10px;
}
.bbc_lsf_rec_init_fields_table td {
	border-collapse: collapse;
	border: 1px solid black;
	padding: 6px;
}
.bbc_lsf_rec_init_fields_table_data {
	background-color: white;
	width: 30%;
}
.bbc_lsf_rec_init_fields_table_label {
	background-color: #8DB3E2;
	width: 20%;
}
.bbc_lsf_rec_warehouse_fields_table {
	width: 100%;
	margin-top: 10px;
	border-collapse: collapse;
	border: 1px solid black;
}
.bbc_lsf_rec_warehouse_fields_table {
	border-collapse: collapse;
	border: 1px solid black;
	background-color: white;
	text-align: left;
}
.bbc_lsf_rec_warehouse_fields_table td {
	border-collapse: collapse;
	border: 1px solid black;
	padding: 2px 2px 5px 10px;
	text-align: left;
	vertical-align: middle;
}
.bbc_lsf_rec_warehouse_fields_table_label {
	font-weight: bold;
	border-collapse: collapse;
	border: 1px solid black;
	background-color: #D99594;
}
.bbc_lsf_rec_warehouse_shp_subhead {
	font-size: larger;
	font-weight: bold;
	margin-top: 10px;
}
.bbc_lsf_rec_qa_fields_table {
	border-collapse: collapse;
	border: 1px solid black;
	background-color: white;
	text-align: left;
	width: 100%;
}
.bbc_lsf_rec_qa_fields_table td {
	border-collapse: collapse;
	border: 1px solid black;
	text-align: left;
	padding: 2px 2px 5px 10px;
}
.bbc_lsf_rec_qa_fields_table_label {
	font-weight: bold;
	border-collapse: collapse;
	border: 1px solid black;
	background-color: #FBE4D5;
}
textarea {
	overflow: hidden;
	resize: none;
}
.print_checkbox div{
}
.print_checkbox img{
float: left;
}
.print_radio {
	font-family: Verdana, sans-serif;
	font-size: 26px;
	font-weight: 100;
	margin-left: 2px;
	margin-right: 1px;
	vertical-align: -3px;
}

._radio_label {
}

</style>
</head>

<body footer="nlfooter" footer-height="20pt" header="nlheader" header-height="14%" size="Letter">

<div class="bbc_lsf_rec_master">
	<form>
		<div class="bbc_lsf_rec_initiating_tx_hdr">
			<p>Initiating Transaction Details</p>
		</div>
		<div class="bbc_lsf_rec_initiating_tx_body">
			<p>Fill in information regarding each specific section according to	the appropriate department. Circle appropriate answers.</p>
			<table cellpadding="0" cellspacing="0" class="bbc_lsf_rec_init_fields_table">
				<tr>
					<td class="bbc_lsf_rec_init_fields_table_label">PO or TO Number</td>
					<td class="bbc_lsf_rec_init_fields_table_data">${txRecord.tranid}</td>
					<td class="bbc_lsf_rec_init_fields_table_label">Bill of Lading</td>
					<td class="bbc_lsf_rec_init_fields_table_data"> </td>
				</tr>
				<tr>
					<td class="bbc_lsf_rec_init_fields_table_label">Location</td>
					<td class="bbc_lsf_rec_init_fields_table_data">${txRecord.transferlocation}</td>
					<td class="bbc_lsf_rec_init_fields_table_label">Supplier/Vendor</td>
					<td class="bbc_lsf_rec_init_fields_table_data">${txRecord.location}</td>
				</tr>
				<tr>
					<td class="bbc_lsf_rec_init_fields_table_label">Documents Provided</td>
					<td class="bbc_lsf_rec_init_fields_table_data">&nbsp;</td>
					<td class="bbc_lsf_rec_init_fields_table_label">Employee Owner</td>
					<td class="bbc_lsf_rec_init_fields_table_data">&nbsp;</td>
				</tr>
			</table>
		</div>
		<div class="bbc_lsf_rec_warehouse_shp_hdr">
			<p>Warehouse Shipping Details</p>
		</div>
		<div class="bbc_lsf_rec_warehouse_shp_body">
			<div class="bbc_lsf_rec_warehouse_shp_subhead">
				Fill in the information regarding materials received* If more spaces 
				are needed use F-256-2 to fill in additional products</div>
          <#if txRecord.item?has_content>
            <table cellpadding="0" cellspacing="0" class="bbc_lsf_rec_warehouse_fields_table">
              <!-- start items -->
              <#list txRecord.item as item>
                <#if item_index==0>
                  <tr>
                    <th class="bbc_lsf_rec_warehouse_fields_table_label">Product 
                      Code</th>
                    <th class="bbc_lsf_rec_warehouse_fields_table_label">New Item</th>
                    <th class="bbc_lsf_rec_warehouse_fields_table_label">Quantity</th>
                    <th class="bbc_lsf_rec_warehouse_fields_table_label">Component 
                      Name</th>
                    <th class="bbc_lsf_rec_warehouse_fields_table_label">Lot Number</th>
                    <th class="bbc_lsf_rec_warehouse_fields_table_label">Expiration 
                      Date</th>
                    <th class="bbc_lsf_rec_warehouse_fields_table_label"># of Pallets</th>
                  </tr>

                  </#if>
                <tr>
                  <td>${item.item}</td>
                  <td>&nbsp;</td>
                  <td>${item.quantity} ${item.unitsdisplay}</td>
                  <td>${item.description}</td>
                  <td>${item.inventorydetail?replace("<br />", ", ")}</td>
                  <td>&nbsp;</td>
                  <td>&nbsp;</td>
                </tr>
                </#list><!-- end items -->
            </table>

            </#if>
			<div class="bbc_lsf_rec_warehouse_shp_subhead">
				Inspection</div>
			<table cellpadding="0" cellspacing="0" class="bbc_lsf_rec_warehouse_fields_table">
				<tr>
					<td colspan="4">Product received matches shipping documentation (PO/Bill of Lading)? &nbsp;<span class="print_radio">o</span><span class="_radio_label">Yes </span><span class="print_radio">o</span><span class="_radio_label">No </span></td>
					<td>&nbsp;</td>
					<td>Notes:</td>
				</tr>
				<tr>
					<td>Any visible damage to product?</td>
					<td style="white-space:nowrap">&nbsp;<span class="print_radio">o</span><span class="_radio_label">Yes </span><span class="print_radio">o</span><span class="_radio_label">No </span></td>
					<td colspan="2">If Yes, Photos taken?</td>
					<td style="white-space:nowrap">&nbsp;<span class="print_radio">o</span><span class="_radio_label">Yes </span><span class="print_radio">o</span><span class="_radio_label">No </span></td>
					<td rowspan="3">&nbsp;</td>
				</tr>
				<tr>
					<td>If yes, how much is compromised?</td>
					<td colspan="4">&nbsp;</td>
				</tr>
				<tr>
					<td colspan="4">Truck is clean, free of damage, pest infestation, 
					odors or conditions that may contaminate product?</td>
					<td style="white-space:nowrap">&nbsp;&nbsp;<span class="print_radio">o</span><span class="_radio_label">Yes </span><span class="print_radio">o</span><span class="_radio_label">No </span></td>
				</tr>
				<tr>
					<td class="bbc_lsf_rec_warehouse_fields_table_label">Checklist:</td>
					<td colspan="2"><span class="print_checkbox"><img src="https://4816236.app.netsuite.com/core/media/media.nl?id=1366529&amp;c=4816236&amp;h=4fb7da332c25152fb52c" /> On Hold signs <img src="https://4816236.app.netsuite.com/core/media/media.nl?id=1366529&amp;c=4816236&amp;h=4fb7da332c25152fb52c" /> Item # Barcode Sticker <img src="https://4816236.app.netsuite.com/core/media/media.nl?id=1366529&amp;c=4816236&amp;h=4fb7da332c25152fb52c" /> Lot # Barcode </span>
					StickerInspected</td>
					<td class="bbc_lsf_rec_warehouse_fields_table_label" colspan="2">
					Inspected By:</td>
					<td>&nbsp;</td>
				</tr>
				<tr>
					<td class="bbc_lsf_rec_warehouse_fields_table_label">Received 
					in System By:</td>
					<td>&nbsp;</td>
					<td class="bbc_lsf_rec_warehouse_fields_table_label">Date:</td>
					<td>&nbsp;</td>
					<td class="bbc_lsf_rec_warehouse_fields_table_label">IR#:</td>
					<td>&nbsp;</td>
				</tr>
			</table>
		</div>
		<br />
		<div class="bbc_lsf_rec_qa_hdr">
			Food/Supplement/Packaging Quality Review (QA)</div>
		<div class="bbc_lsf_qa_body">
			<table cellpadding="0" cellspacing="0" class="bbc_lsf_rec_qa_fields_table">
				<tr>
					<td class="bbc_lsf_rec_qa_fields_table_label" style="width:15%">Component</td>
					<td>&nbsp;</td>
					<td class="bbc_lsf_rec_qa_fields_table_label">Lot Numbers</td>
					<td colspan="3" style="width:35%">&nbsp;</td>
				</tr>
				<tr>
					<td colspan="2" style="width:45%" class="bbc_lsf_rec_qa_fields_table_label">Certificate of Analysis/Packaging meets specification?</td>
					<td style="white-space:nowrap">&nbsp;<span class="print_radio">o</span><span class="_radio_label">Yes </span><span class="print_radio">o</span><span class="_radio_label">No </span><span class="print_radio">o</span><span class="_radio_label">N/A </span></td>
					<td colspan="3">Notes: </td>
				</tr>
				<tr>
					<td colspan="2" style="width:45%" class="bbc_lsf_rec_qa_fields_table_label">Approved Vendor with required documentation?</td>
					<td style="white-space:nowrap">&nbsp;<span class="print_radio">o</span><span class="_radio_label">Yes </span><span class="print_radio">o</span><span class="_radio_label">No </span><span class="print_radio">o</span><span class="_radio_label">N/A </span></td>
					<td colspan="3">Notes: </td>
				</tr>
				<tr>
					<td colspan="2" style="width:45%" class="bbc_lsf_rec_qa_fields_table_label">Allergen Labeling Required?</td>
					<td style="white-space:nowrap">&nbsp;<span class="print_radio">o</span><span class="_radio_label">Yes </span><span class="print_radio">o</span><span class="_radio_label">No </span><span class="print_radio">o</span><span class="_radio_label">N/A </span></td>
					<td colspan="3">Notes: </td>
				</tr>
			</table>
		</div>
	</form>
</div>

</body>
<!-- copy-paste region -->

</pdf>




