<?xml version="1.0"?><!DOCTYPE pdf PUBLIC "-//big.faceless.org//report" "report-1.1.dtd">
<pdf>
<head>

</head>
<body padding="0.5in 0.5in 0.5in 0.5in" size="Letter">
<img src="https://4816236.app.netsuite.com/core/media/media.nl?id=1145951&amp;c=4816236&amp;h=d66d152e9d5a3cd77262" style="position:relative; top:0px; margin:0px; left:0px; width: 238px; height: 138px;" />
<h2>Receiving Checklist</h2>
Shipment Number: ${inbship.shipmentnumber}<br />
ID: ${inbship.id}<br />
Expected Delivery Date: ${inbship.expecteddeliverydate}<br />
Expected Shipping Date: ${inbship.expectedshippingdate}
</body>
</pdf>